severity,category,check,file,line,element,measure_n,staff_n,layer_n,xml_id,message,expected,actual,context
error,references,broken_internal_reference,11_buxtehude_sonatas_final/buxtehude_op1_02_sonata_g_major_corr.mei,6085,annot,45.0,,,consistency_e82758766483,Reference '#sjb70qz2' in @plist does not resolve to an xml:id in this file.,,#sjb70qz2,
error,references,broken_internal_reference,11_buxtehude_sonatas_final/buxtehude_op1_02_sonata_g_major_corr.mei,6088,annot,45.0,,,consistency_41635e4dade4,Reference '#s0wk09i1' in @plist does not resolve to an xml:id in this file.,,#s0wk09i1,
warning,rhythm,layer_duration_underfull,11_buxtehude_sonatas_final/buxtehude_op1_02_sonata_g_major_corr.mei,385,layer,2.0,5.0,,w4444dj,Layer is underfull against the active meter.,16.0,14,No <space> found in this layer; a missing space/rest is a likely cause.
warning,rhythm,layer_duration_underfull,11_buxtehude_sonatas_final/buxtehude_op1_02_sonata_g_major_corr.mei,2808,layer,21.0,4.0,,d1br2kl7,Layer is underfull against the active meter.,16.0,14,
warning,layering,duplicate_layer_n,11_buxtehude_sonatas_final/buxtehude_op1_02_sonata_g_major_corr.mei,6045,staff,45.0,,,m1i8icfw,Staff has duplicate layer numbers in the same measure.,,1,
warning,rhythm,layer_duration_underfull,11_buxtehude_sonatas_final/buxtehude_op1_02_sonata_g_major_corr.mei,6706,layer,48.0,5.0,,i1vxr7f1,Layer is underfull against the active meter.,16.0,14,
warning,rhythm,layer_duration_underfull,11_buxtehude_sonatas_final/buxtehude_op1_02_sonata_g_major_corr.mei,7013,layer,50.0,4.0,,ih1jmbz,Layer is underfull against the active meter.,16.0,14,
warning,rhythm,layer_duration_underfull,11_buxtehude_sonatas_final/buxtehude_op1_02_sonata_g_major_corr.mei,7466,layer,52.0,5.0,,g1g49nq2,Layer is underfull against the active meter.,16.0,14,
warning,layering,duplicate_layer_n,11_buxtehude_sonatas_final/buxtehude_op1_02_sonata_g_major_corr.mei,8638,staff,58.0,,,axq2b3v,Staff has duplicate layer numbers in the same measure.,,2,
warning,rhythm,layer_duration_overfull,11_buxtehude_sonatas_final/buxtehude_op1_02_sonata_g_major_corr.mei,8669,layer,58.0,4.0,,vzb8f5p,Layer is overfull against the active meter.,16.0,18,
warning,rhythm,layer_duration_underfull,11_buxtehude_sonatas_final/buxtehude_op1_02_sonata_g_major_corr.mei,9723,layer,63.0,4.0,,x1xjus5m,Layer is underfull against the active meter.,16.0,8,No <space> found in this layer; a missing space/rest is a likely cause.
warning,layering,duplicate_layer_n,11_buxtehude_sonatas_final/buxtehude_op1_02_sonata_g_major_corr.mei,10950,staff,76.0,,,i1fxycyg,Staff has duplicate layer numbers in the same measure.,,1,
warning,layering,duplicate_layer_n,11_buxtehude_sonatas_final/buxtehude_op1_02_sonata_g_major_corr.mei,12685,staff,91.0,,,uey4ou,Staff has duplicate layer numbers in the same measure.,,1,
warning,layering,duplicate_layer_n,11_buxtehude_sonatas_final/buxtehude_op1_02_sonata_g_major_corr.mei,13727,staff,98.0,,,w1vi8iyc,Staff has duplicate layer numbers in the same measure.,,5,
warning,rhythm,layer_duration_overfull,11_buxtehude_sonatas_final/buxtehude_op1_02_sonata_g_major_corr.mei,14693,layer,105.0,3.0,,k5xd2dl,Layer is overfull against the active meter.,12.0,16,
warning,rhythm,layer_duration_overfull,11_buxtehude_sonatas_final/buxtehude_op1_02_sonata_g_major_corr.mei,14700,layer,105.0,4.0,,v1ft83kc,Layer is overfull against the active meter.,12.0,16,
warning,rhythm,layer_duration_overfull,11_buxtehude_sonatas_final/buxtehude_op1_02_sonata_g_major_corr.mei,14715,layer,105.0,4.0,,jobj45p,Layer is overfull against the active meter.,12.0,16,
warning,rhythm,layer_duration_overfull,11_buxtehude_sonatas_final/buxtehude_op1_02_sonata_g_major_corr.mei,14721,layer,105.0,5.0,,mu9nvo0,Layer is overfull against the active meter.,12.0,16,
warning,rhythm,layer_duration_overfull,11_buxtehude_sonatas_final/buxtehude_op1_02_sonata_g_major_corr.mei,14810,layer,107.0,1.0,,n3axta,Layer is overfull against the active meter.,12.0,16,
warning,rhythm,layer_duration_overfull,11_buxtehude_sonatas_final/buxtehude_op1_02_sonata_g_major_corr.mei,14817,layer,107.0,2.0,,n1uzacy8,Layer is overfull against the active meter.,12.0,16,
warning,rhythm,layer_duration_overfull,11_buxtehude_sonatas_final/buxtehude_op1_02_sonata_g_major_corr.mei,14824,layer,107.0,3.0,,t1w59dmb,Layer is overfull against the active meter.,12.0,16,
warning,rhythm,layer_duration_overfull,11_buxtehude_sonatas_final/buxtehude_op1_02_sonata_g_major_corr.mei,14862,layer,107.0,4.0,,gtyzwns,Layer is overfull against the active meter.,12.0,16,
warning,rhythm,layer_duration_overfull,11_buxtehude_sonatas_final/buxtehude_op1_02_sonata_g_major_corr.mei,14876,layer,107.0,5.0,,u1npdm1a,Layer is overfull against the active meter.,12.0,16,
warning,rhythm,layer_duration_overfull,11_buxtehude_sonatas_final/buxtehude_op1_02_sonata_g_major_corr.mei,14882,layer,107.0,5.0,,ajhgzy0,Layer is overfull against the active meter.,12.0,16,
warning,layering,duplicate_layer_n,11_buxtehude_sonatas_final/buxtehude_op1_02_sonata_g_major_corr.mei,14966,staff,108.0,,,s1pmxpuj,Staff has duplicate layer numbers in the same measure.,,5,
warning,rhythm,layer_duration_overfull,11_buxtehude_sonatas_final/buxtehude_op1_02_sonata_g_major_corr.mei,14981,layer,109.0,1.0,,u1dc1jbr,Layer is overfull against the active meter.,12.0,16,
warning,rhythm,layer_duration_overfull,11_buxtehude_sonatas_final/buxtehude_op1_02_sonata_g_major_corr.mei,14990,layer,109.0,2.0,,umgtwct,Layer is overfull against the active meter.,12.0,16,
warning,rhythm,layer_duration_overfull,11_buxtehude_sonatas_final/buxtehude_op1_02_sonata_g_major_corr.mei,15014,layer,110.0,1.0,,k1899r9v,Layer is overfull against the active meter.,12.0,16,
warning,rhythm,layer_duration_overfull,11_buxtehude_sonatas_final/buxtehude_op1_02_sonata_g_major_corr.mei,15024,layer,110.0,2.0,,jvynvo3,Layer is overfull against the active meter.,12.0,16,
warning,rhythm,layer_duration_overfull,11_buxtehude_sonatas_final/buxtehude_op1_02_sonata_g_major_corr.mei,15030,layer,110.0,3.0,,llmuli4,Layer is overfull against the active meter.,12.0,16,
warning,rhythm,layer_duration_overfull,11_buxtehude_sonatas_final/buxtehude_op1_02_sonata_g_major_corr.mei,15052,layer,110.0,4.0,,n1n1dxr4,Layer is overfull against the active meter.,12.0,16,
warning,rhythm,layer_duration_overfull,11_buxtehude_sonatas_final/buxtehude_op1_02_sonata_g_major_corr.mei,15060,layer,110.0,4.0,,u1bzfayo,Layer is overfull against the active meter.,12.0,16,
warning,rhythm,layer_duration_overfull,11_buxtehude_sonatas_final/buxtehude_op1_02_sonata_g_major_corr.mei,15069,layer,110.0,5.0,,zj9yykt,Layer is overfull against the active meter.,12.0,16,
warning,rhythm,layer_duration_overfull,11_buxtehude_sonatas_final/buxtehude_op1_02_sonata_g_major_corr.mei,15161,layer,112.0,1.0,,o1ajaa6b,Layer is overfull against the active meter.,12.0,16,
warning,rhythm,layer_duration_overfull,11_buxtehude_sonatas_final/buxtehude_op1_02_sonata_g_major_corr.mei,15166,layer,112.0,2.0,,pynjimw,Layer is overfull against the active meter.,12.0,16,
warning,rhythm,layer_duration_overfull,11_buxtehude_sonatas_final/buxtehude_op1_02_sonata_g_major_corr.mei,15171,layer,112.0,3.0,,n1cfqyi6,Layer is overfull against the active meter.,12.0,16,
warning,rhythm,layer_duration_overfull,11_buxtehude_sonatas_final/buxtehude_op1_02_sonata_g_major_corr.mei,15176,layer,112.0,4.0,,uws4r5r,Layer is overfull against the active meter.,12.0,16,
warning,rhythm,layer_duration_overfull,11_buxtehude_sonatas_final/buxtehude_op1_02_sonata_g_major_corr.mei,15184,layer,112.0,5.0,,a1prz2r2,Layer is overfull against the active meter.,12.0,16,
warning,rhythm,layer_duration_overfull,11_buxtehude_sonatas_final/buxtehude_op1_02_sonata_g_major_corr.mei,15282,layer,114.0,1.0,,u1wcig0f,Layer is overfull against the active meter.,12.0,16,
warning,rhythm,layer_duration_overfull,11_buxtehude_sonatas_final/buxtehude_op1_02_sonata_g_major_corr.mei,15300,layer,114.0,2.0,,y1528vez,Layer is overfull against the active meter.,12.0,16,
warning,rhythm,layer_duration_overfull,11_buxtehude_sonatas_final/buxtehude_op1_02_sonata_g_major_corr.mei,15319,layer,114.0,3.0,,r1gavj7z,Layer is overfull against the active meter.,12.0,16,
warning,rhythm,layer_duration_overfull,11_buxtehude_sonatas_final/buxtehude_op1_02_sonata_g_major_corr.mei,15342,layer,114.0,4.0,,ww29uvg,Layer is overfull against the active meter.,12.0,16,
warning,rhythm,layer_duration_overfull,11_buxtehude_sonatas_final/buxtehude_op1_02_sonata_g_major_corr.mei,15347,layer,114.0,4.0,,a8fn9v,Layer is overfull against the active meter.,12.0,16,
warning,rhythm,layer_duration_overfull,11_buxtehude_sonatas_final/buxtehude_op1_02_sonata_g_major_corr.mei,15357,layer,114.0,5.0,,h1k5r7nh,Layer is overfull against the active meter.,12.0,16,
warning,rhythm,layer_duration_overfull,11_buxtehude_sonatas_final/buxtehude_op1_02_sonata_g_major_corr.mei,15370,layer,115.0,1.0,,quntwf9,Layer is overfull against the active meter.,12.0,16,
warning,rhythm,layer_duration_overfull,11_buxtehude_sonatas_final/buxtehude_op1_02_sonata_g_major_corr.mei,15390,layer,115.0,2.0,,w1qe599r,Layer is overfull against the active meter.,12.0,16,
warning,rhythm,layer_duration_overfull,11_buxtehude_sonatas_final/buxtehude_op1_02_sonata_g_major_corr.mei,15411,layer,115.0,3.0,,i594vmx,Layer is overfull against the active meter.,12.0,16,
warning,rhythm,layer_duration_overfull,11_buxtehude_sonatas_final/buxtehude_op1_02_sonata_g_major_corr.mei,15449,layer,115.0,4.0,,al4pjvl,Layer is overfull against the active meter.,12.0,16,
warning,rhythm,layer_duration_overfull,11_buxtehude_sonatas_final/buxtehude_op1_02_sonata_g_major_corr.mei,15474,layer,115.0,5.0,,r1v2cgoe,Layer is overfull against the active meter.,12.0,16,
warning,rhythm,layer_duration_overfull,11_buxtehude_sonatas_final/buxtehude_op1_02_sonata_g_major_corr.mei,15492,layer,116.0,1.0,,os7n0li,Layer is overfull against the active meter.,12.0,16,
warning,rhythm,layer_duration_overfull,11_buxtehude_sonatas_final/buxtehude_op1_02_sonata_g_major_corr.mei,15509,layer,116.0,2.0,,vfc3bt1,Layer is overfull against the active meter.,12.0,16,
warning,rhythm,layer_duration_overfull,11_buxtehude_sonatas_final/buxtehude_op1_02_sonata_g_major_corr.mei,15522,layer,116.0,3.0,,fv47urv,Layer is overfull against the active meter.,12.0,16,
warning,rhythm,layer_duration_overfull,11_buxtehude_sonatas_final/buxtehude_op1_02_sonata_g_major_corr.mei,15551,layer,116.0,4.0,,pejryj3,Layer is overfull against the active meter.,12.0,16,
warning,rhythm,layer_duration_overfull,11_buxtehude_sonatas_final/buxtehude_op1_02_sonata_g_major_corr.mei,15563,layer,116.0,4.0,,y4h2oew,Layer is overfull against the active meter.,12.0,20,
warning,rhythm,layer_duration_overfull,11_buxtehude_sonatas_final/buxtehude_op1_02_sonata_g_major_corr.mei,15571,layer,116.0,5.0,,boz6bmi,Layer is overfull against the active meter.,12.0,16,
warning,rhythm,layer_duration_overfull,11_buxtehude_sonatas_final/buxtehude_op1_02_sonata_g_major_corr.mei,15589,layer,116.0,5.0,,o16kj3es,Layer is overfull against the active meter.,12.0,16,
warning,rhythm,layer_duration_overfull,11_buxtehude_sonatas_final/buxtehude_op1_02_sonata_g_major_corr.mei,15602,layer,117.0,1.0,,m1ag9mlo,Layer is overfull against the active meter.,12.0,16,
warning,rhythm,layer_duration_overfull,11_buxtehude_sonatas_final/buxtehude_op1_02_sonata_g_major_corr.mei,15618,layer,117.0,2.0,,os2zsf6,Layer is overfull against the active meter.,12.0,16,
warning,rhythm,layer_duration_overfull,11_buxtehude_sonatas_final/buxtehude_op1_02_sonata_g_major_corr.mei,15635,layer,117.0,3.0,,b79o2eo,Layer is overfull against the active meter.,12.0,16,
warning,rhythm,layer_duration_overfull,11_buxtehude_sonatas_final/buxtehude_op1_02_sonata_g_major_corr.mei,15663,layer,117.0,4.0,,et2u8e2,Layer is overfull against the active meter.,12.0,16,
warning,rhythm,layer_duration_overfull,11_buxtehude_sonatas_final/buxtehude_op1_02_sonata_g_major_corr.mei,15672,layer,117.0,4.0,,me34pwx,Layer is overfull against the active meter.,12.0,16,
warning,rhythm,layer_duration_overfull,11_buxtehude_sonatas_final/buxtehude_op1_02_sonata_g_major_corr.mei,15679,layer,117.0,5.0,,qoava3j,Layer is overfull against the active meter.,12.0,16,
warning,rhythm,layer_duration_overfull,11_buxtehude_sonatas_final/buxtehude_op1_02_sonata_g_major_corr.mei,15819,layer,119.0,1.0,,glitfle,Layer is overfull against the active meter.,12.0,16,
warning,rhythm,layer_duration_overfull,11_buxtehude_sonatas_final/buxtehude_op1_02_sonata_g_major_corr.mei,15837,layer,119.0,2.0,,lg2ymi,Layer is overfull against the active meter.,12.0,16,
warning,rhythm,layer_duration_overfull,11_buxtehude_sonatas_final/buxtehude_op1_02_sonata_g_major_corr.mei,15856,layer,119.0,3.0,,ymt5d3y,Layer is overfull against the active meter.,12.0,16,
warning,rhythm,layer_duration_overfull,11_buxtehude_sonatas_final/buxtehude_op1_02_sonata_g_major_corr.mei,15889,layer,119.0,4.0,,b10hoa5t,Layer is overfull against the active meter.,12.0,16,
warning,rhythm,layer_duration_overfull,11_buxtehude_sonatas_final/buxtehude_op1_02_sonata_g_major_corr.mei,15899,layer,119.0,4.0,,ilrhd0b,Layer is overfull against the active meter.,12.0,16,
warning,rhythm,layer_duration_overfull,11_buxtehude_sonatas_final/buxtehude_op1_02_sonata_g_major_corr.mei,15909,layer,119.0,5.0,,oan2bkj,Layer is overfull against the active meter.,12.0,16,
warning,rhythm,layer_duration_overfull,11_buxtehude_sonatas_final/buxtehude_op1_02_sonata_g_major_corr.mei,15920,layer,119.0,5.0,,v2b4gx9,Layer is overfull against the active meter.,12.0,16,
warning,rhythm,layer_duration_overfull,11_buxtehude_sonatas_final/buxtehude_op1_02_sonata_g_major_corr.mei,15938,layer,120.0,1.0,,czbxn4p,Layer is overfull against the active meter.,12.0,16,
warning,rhythm,layer_duration_overfull,11_buxtehude_sonatas_final/buxtehude_op1_02_sonata_g_major_corr.mei,15953,layer,120.0,2.0,,i1q7z69l,Layer is overfull against the active meter.,12.0,16,
warning,rhythm,layer_duration_overfull,11_buxtehude_sonatas_final/buxtehude_op1_02_sonata_g_major_corr.mei,15969,layer,120.0,3.0,,v1f1jhh7,Layer is overfull against the active meter.,12.0,16,
warning,rhythm,layer_duration_overfull,11_buxtehude_sonatas_final/buxtehude_op1_02_sonata_g_major_corr.mei,15993,layer,120.0,4.0,,rsws1un,Layer is overfull against the active meter.,12.0,16,
warning,rhythm,layer_duration_overfull,11_buxtehude_sonatas_final/buxtehude_op1_02_sonata_g_major_corr.mei,16005,layer,120.0,4.0,,c1x8ae5h,Layer is overfull against the active meter.,12.0,16,
warning,rhythm,layer_duration_overfull,11_buxtehude_sonatas_final/buxtehude_op1_02_sonata_g_major_corr.mei,16015,layer,120.0,5.0,,g1ayeo46,Layer is overfull against the active meter.,12.0,16,
warning,rhythm,layer_duration_overfull,11_buxtehude_sonatas_final/buxtehude_op1_02_sonata_g_major_corr.mei,16139,layer,122.0,1.0,,fd3xdcr,Layer is overfull against the active meter.,12.0,18,
warning,rhythm,layer_duration_overfull,11_buxtehude_sonatas_final/buxtehude_op1_02_sonata_g_major_corr.mei,16167,layer,122.0,2.0,,g1v8ru7s,Layer is overfull against the active meter.,12.0,17,
warning,rhythm,layer_duration_overfull,11_buxtehude_sonatas_final/buxtehude_op1_02_sonata_g_major_corr.mei,16195,layer,122.0,3.0,,fde6i0p,Layer is overfull against the active meter.,12.0,16,
warning,rhythm,layer_duration_overfull,11_buxtehude_sonatas_final/buxtehude_op1_02_sonata_g_major_corr.mei,16218,layer,122.0,4.0,,i1bpmhfh,Layer is overfull against the active meter.,12.0,16,
warning,rhythm,layer_duration_overfull,11_buxtehude_sonatas_final/buxtehude_op1_02_sonata_g_major_corr.mei,16226,layer,122.0,4.0,,n1xqq34r,Layer is overfull against the active meter.,12.0,16,
warning,rhythm,layer_duration_overfull,11_buxtehude_sonatas_final/buxtehude_op1_02_sonata_g_major_corr.mei,16236,layer,122.0,5.0,,tglf84k,Layer is overfull against the active meter.,12.0,16,
warning,rhythm,layer_duration_overfull,11_buxtehude_sonatas_final/buxtehude_op1_02_sonata_g_major_corr.mei,16246,layer,123.0,1.0,,jffljyv,Layer is overfull against the active meter.,12.0,16,
warning,rhythm,layer_duration_overfull,11_buxtehude_sonatas_final/buxtehude_op1_02_sonata_g_major_corr.mei,16272,layer,123.0,2.0,,l1she7,Layer is overfull against the active meter.,12.0,16,
warning,rhythm,layer_duration_overfull,11_buxtehude_sonatas_final/buxtehude_op1_02_sonata_g_major_corr.mei,16299,layer,123.0,3.0,,w1eeuxbx,Layer is overfull against the active meter.,12.0,16,
warning,rhythm,layer_duration_overfull,11_buxtehude_sonatas_final/buxtehude_op1_02_sonata_g_major_corr.mei,16329,layer,123.0,4.0,,mokxgb1,Layer is overfull against the active meter.,12.0,16,
warning,rhythm,layer_duration_overfull,11_buxtehude_sonatas_final/buxtehude_op1_02_sonata_g_major_corr.mei,16337,layer,123.0,4.0,,s6c8lcv,Layer is overfull against the active meter.,12.0,16,
warning,rhythm,layer_duration_overfull,11_buxtehude_sonatas_final/buxtehude_op1_02_sonata_g_major_corr.mei,16353,layer,123.0,5.0,,doy1ptb,Layer is overfull against the active meter.,12.0,17,
warning,rhythm,layer_duration_overfull,11_buxtehude_sonatas_final/buxtehude_op1_02_sonata_g_major_corr.mei,16376,layer,124.0,1.0,,osir0ix,Layer is overfull against the active meter.,12.0,16,
warning,rhythm,layer_duration_overfull,11_buxtehude_sonatas_final/buxtehude_op1_02_sonata_g_major_corr.mei,16399,layer,124.0,2.0,,uka7g7g,Layer is overfull against the active meter.,12.0,16,
warning,rhythm,layer_duration_overfull,11_buxtehude_sonatas_final/buxtehude_op1_02_sonata_g_major_corr.mei,16421,layer,124.0,3.0,,vpozg08,Layer is overfull against the active meter.,12.0,16,
warning,rhythm,layer_duration_overfull,11_buxtehude_sonatas_final/buxtehude_op1_02_sonata_g_major_corr.mei,16457,layer,124.0,4.0,,fhii2uv,Layer is overfull against the active meter.,12.0,16,
warning,rhythm,layer_duration_underfull,11_buxtehude_sonatas_final/buxtehude_op1_02_sonata_g_major_corr.mei,16470,layer,124.0,4.0,,n1uy37xo,Layer is underfull against the active meter.,12.0,8,No <space> found in this layer; a missing space/rest is a likely cause.
warning,rhythm,layer_duration_overfull,11_buxtehude_sonatas_final/buxtehude_op1_02_sonata_g_major_corr.mei,16476,layer,124.0,5.0,,rshgtvd,Layer is overfull against the active meter.,12.0,16,
warning,rhythm,layer_duration_overfull,11_buxtehude_sonatas_final/buxtehude_op1_02_sonata_g_major_corr.mei,16496,layer,124.0,5.0,,e163lqlu,Layer is overfull against the active meter.,12.0,16,
warning,rhythm,layer_duration_overfull,11_buxtehude_sonatas_final/buxtehude_op1_02_sonata_g_major_corr.mei,16639,layer,126.0,1.0,,u1b6yukw,Layer is overfull against the active meter.,12.0,16,
warning,rhythm,layer_duration_overfull,11_buxtehude_sonatas_final/buxtehude_op1_02_sonata_g_major_corr.mei,16664,layer,126.0,2.0,,e1vaamdd,Layer is overfull against the active meter.,12.0,16,
warning,rhythm,layer_duration_overfull,11_buxtehude_sonatas_final/buxtehude_op1_02_sonata_g_major_corr.mei,16689,layer,126.0,3.0,,o63velc,Layer is overfull against the active meter.,12.0,16,
warning,rhythm,layer_duration_overfull,11_buxtehude_sonatas_final/buxtehude_op1_02_sonata_g_major_corr.mei,16744,layer,126.0,4.0,,qp8ff6r,Layer is overfull against the active meter.,12.0,16,
warning,rhythm,layer_duration_overfull,11_buxtehude_sonatas_final/buxtehude_op1_02_sonata_g_major_corr.mei,16784,layer,126.0,5.0,,tgt5qed,Layer is overfull against the active meter.,12.0,16,
warning,rhythm,layer_duration_overfull,11_buxtehude_sonatas_final/buxtehude_op1_02_sonata_g_major_corr.mei,16806,layer,127.0,1.0,,z1q2km0t,Layer is overfull against the active meter.,12.0,16,
warning,rhythm,layer_duration_overfull,11_buxtehude_sonatas_final/buxtehude_op1_02_sonata_g_major_corr.mei,16838,layer,127.0,2.0,,i1jtdlm0,Layer is overfull against the active meter.,12.0,16,
warning,rhythm,layer_duration_overfull,11_buxtehude_sonatas_final/buxtehude_op1_02_sonata_g_major_corr.mei,16865,layer,127.0,3.0,,l1aajlo9,Layer is overfull against the active meter.,12.0,16,
warning,rhythm,layer_duration_overfull,11_buxtehude_sonatas_final/buxtehude_op1_02_sonata_g_major_corr.mei,16908,layer,127.0,4.0,,r1txpzxv,Layer is overfull against the active meter.,12.0,16,
warning,rhythm,layer_duration_overfull,11_buxtehude_sonatas_final/buxtehude_op1_02_sonata_g_major_corr.mei,16922,layer,127.0,4.0,,b5cntw7,Layer is overfull against the active meter.,12.0,16,
warning,rhythm,layer_duration_overfull,11_buxtehude_sonatas_final/buxtehude_op1_02_sonata_g_major_corr.mei,16936,layer,127.0,5.0,,k1ua3j0m,Layer is overfull against the active meter.,12.0,16,
warning,rhythm,layer_duration_overfull,11_buxtehude_sonatas_final/buxtehude_op1_02_sonata_g_major_corr.mei,17068,layer,129.0,1.0,,p9btkwe,Layer is overfull against the active meter.,12.0,20,
warning,rhythm,layer_duration_overfull,11_buxtehude_sonatas_final/buxtehude_op1_02_sonata_g_major_corr.mei,17087,layer,129.0,2.0,,f1hhw77l,Layer is overfull against the active meter.,12.0,16,
warning,rhythm,layer_duration_overfull,11_buxtehude_sonatas_final/buxtehude_op1_02_sonata_g_major_corr.mei,17105,layer,129.0,3.0,,a1qu11yt,Layer is overfull against the active meter.,12.0,16,
warning,rhythm,layer_duration_overfull,11_buxtehude_sonatas_final/buxtehude_op1_02_sonata_g_major_corr.mei,17128,layer,129.0,4.0,,zy5bjbc,Layer is overfull against the active meter.,12.0,16,
warning,rhythm,layer_duration_overfull,11_buxtehude_sonatas_final/buxtehude_op1_02_sonata_g_major_corr.mei,17134,layer,129.0,4.0,,fiwfnxc,Layer is overfull against the active meter.,12.0,16,
warning,rhythm,layer_duration_overfull,11_buxtehude_sonatas_final/buxtehude_op1_02_sonata_g_major_corr.mei,17142,layer,129.0,5.0,,m15uttvg,Layer is overfull against the active meter.,12.0,16,
warning,rhythm,layer_duration_overfull,11_buxtehude_sonatas_final/buxtehude_op1_02_sonata_g_major_corr.mei,17158,layer,130.0,1.0,,n1sh7m15,Layer is overfull against the active meter.,12.0,19,
warning,rhythm,layer_duration_overfull,11_buxtehude_sonatas_final/buxtehude_op1_02_sonata_g_major_corr.mei,17187,layer,130.0,2.0,,j12caom8,Layer is overfull against the active meter.,12.0,16,
warning,rhythm,layer_duration_overfull,11_buxtehude_sonatas_final/buxtehude_op1_02_sonata_g_major_corr.mei,17214,layer,130.0,3.0,,q1lfbuud,Layer is overfull against the active meter.,12.0,16,
warning,rhythm,layer_duration_overfull,11_buxtehude_sonatas_final/buxtehude_op1_02_sonata_g_major_corr.mei,17237,layer,130.0,4.0,,d1oah0tq,Layer is overfull against the active meter.,12.0,16,
warning,rhythm,layer_duration_underfull,11_buxtehude_sonatas_final/buxtehude_op1_02_sonata_g_major_corr.mei,17245,layer,130.0,4.0,,l51fwbr,Layer is underfull against the active meter.,12.0,8,No <space> found in this layer; a missing space/rest is a likely cause.
warning,rhythm,layer_duration_overfull,11_buxtehude_sonatas_final/buxtehude_op1_02_sonata_g_major_corr.mei,17254,layer,130.0,5.0,,r5z0qru,Layer is overfull against the active meter.,12.0,16,
warning,rhythm,layer_duration_overfull,11_buxtehude_sonatas_final/buxtehude_op1_02_sonata_g_major_corr.mei,17267,layer,131.0,1.0,,r1resrkg,Layer is overfull against the active meter.,12.0,17,
warning,rhythm,layer_duration_overfull,11_buxtehude_sonatas_final/buxtehude_op1_02_sonata_g_major_corr.mei,17298,layer,131.0,2.0,,n1250vv4,Layer is overfull against the active meter.,12.0,17,
warning,rhythm,layer_duration_overfull,11_buxtehude_sonatas_final/buxtehude_op1_02_sonata_g_major_corr.mei,17329,layer,131.0,3.0,,hkp26yq,Layer is overfull against the active meter.,12.0,16,
warning,rhythm,layer_duration_overfull,11_buxtehude_sonatas_final/buxtehude_op1_02_sonata_g_major_corr.mei,17371,layer,131.0,4.0,,k3iu7wo,Layer is overfull against the active meter.,12.0,16,
warning,rhythm,layer_duration_overfull,11_buxtehude_sonatas_final/buxtehude_op1_02_sonata_g_major_corr.mei,17395,layer,131.0,5.0,,a17bindc,Layer is overfull against the active meter.,12.0,16,
warning,rhythm,layer_duration_overfull,11_buxtehude_sonatas_final/buxtehude_op1_02_sonata_g_major_corr.mei,17417,layer,132.0,1.0,,y134yxu4,Layer is overfull against the active meter.,12.0,17,
warning,rhythm,layer_duration_overfull,11_buxtehude_sonatas_final/buxtehude_op1_02_sonata_g_major_corr.mei,17446,layer,132.0,2.0,,wvbuv1t,Layer is overfull against the active meter.,12.0,16,
warning,rhythm,layer_duration_overfull,11_buxtehude_sonatas_final/buxtehude_op1_02_sonata_g_major_corr.mei,17470,layer,132.0,3.0,,gy1410x,Layer is overfull against the active meter.,12.0,16,
warning,rhythm,layer_duration_overfull,11_buxtehude_sonatas_final/buxtehude_op1_02_sonata_g_major_corr.mei,17508,layer,132.0,4.0,,att2ng1,Layer is overfull against the active meter.,12.0,16,
warning,rhythm,layer_duration_overfull,11_buxtehude_sonatas_final/buxtehude_op1_02_sonata_g_major_corr.mei,17521,layer,132.0,4.0,,k1geuprq,Layer is overfull against the active meter.,12.0,16,
warning,rhythm,layer_duration_overfull,11_buxtehude_sonatas_final/buxtehude_op1_02_sonata_g_major_corr.mei,17528,layer,132.0,5.0,,pcmlthf,Layer is overfull against the active meter.,12.0,16,
warning,rhythm,layer_duration_overfull,11_buxtehude_sonatas_final/buxtehude_op1_02_sonata_g_major_corr.mei,17678,layer,134.0,1.0,,nl3kaf4,Layer is overfull against the active meter.,12.0,16,
warning,rhythm,layer_duration_overfull,11_buxtehude_sonatas_final/buxtehude_op1_02_sonata_g_major_corr.mei,17706,layer,134.0,2.0,,eqel76y,Layer is overfull against the active meter.,12.0,16,
warning,rhythm,layer_duration_overfull,11_buxtehude_sonatas_final/buxtehude_op1_02_sonata_g_major_corr.mei,17734,layer,134.0,3.0,,dm7zg89,Layer is overfull against the active meter.,12.0,16,
warning,rhythm,layer_duration_overfull,11_buxtehude_sonatas_final/buxtehude_op1_02_sonata_g_major_corr.mei,17769,layer,134.0,4.0,,zgugxpv,Layer is overfull against the active meter.,12.0,16,
warning,rhythm,layer_duration_overfull,11_buxtehude_sonatas_final/buxtehude_op1_02_sonata_g_major_corr.mei,17778,layer,134.0,4.0,,hfn987y,Layer is overfull against the active meter.,12.0,16,
warning,rhythm,layer_duration_overfull,11_buxtehude_sonatas_final/buxtehude_op1_02_sonata_g_major_corr.mei,17790,layer,134.0,5.0,,pbia8nz,Layer is overfull against the active meter.,12.0,16,
warning,rhythm,layer_duration_overfull,11_buxtehude_sonatas_final/buxtehude_op1_02_sonata_g_major_corr.mei,17812,layer,135.0,1.0,,udoq1bv,Layer is overfull against the active meter.,12.0,16,
warning,rhythm,layer_duration_overfull,11_buxtehude_sonatas_final/buxtehude_op1_02_sonata_g_major_corr.mei,17833,layer,135.0,2.0,,o1l9pq3b,Layer is overfull against the active meter.,12.0,17,
warning,rhythm,layer_duration_overfull,11_buxtehude_sonatas_final/buxtehude_op1_02_sonata_g_major_corr.mei,17861,layer,135.0,3.0,,azxwwjk,Layer is overfull against the active meter.,12.0,16,
warning,rhythm,layer_duration_overfull,11_buxtehude_sonatas_final/buxtehude_op1_02_sonata_g_major_corr.mei,17904,layer,135.0,4.0,,o15dmuen,Layer is overfull against the active meter.,12.0,16,
warning,rhythm,layer_duration_overfull,11_buxtehude_sonatas_final/buxtehude_op1_02_sonata_g_major_corr.mei,17929,layer,135.0,4.0,,g16rq9bq,Layer is overfull against the active meter.,12.0,16,
warning,rhythm,layer_duration_overfull,11_buxtehude_sonatas_final/buxtehude_op1_02_sonata_g_major_corr.mei,17939,layer,135.0,5.0,,m11dcjl8,Layer is overfull against the active meter.,12.0,16,
warning,rhythm,layer_duration_overfull,11_buxtehude_sonatas_final/buxtehude_op1_02_sonata_g_major_corr.mei,18091,layer,137.0,1.0,,ctg23h7,Layer is overfull against the active meter.,12.0,16,
warning,rhythm,layer_duration_overfull,11_buxtehude_sonatas_final/buxtehude_op1_02_sonata_g_major_corr.mei,18103,layer,137.0,2.0,,py9tg4a,Layer is overfull against the active meter.,12.0,18,
warning,rhythm,layer_duration_overfull,11_buxtehude_sonatas_final/buxtehude_op1_02_sonata_g_major_corr.mei,18113,layer,137.0,3.0,,rdn0ikc,Layer is overfull against the active meter.,12.0,16,
warning,rhythm,layer_duration_overfull,11_buxtehude_sonatas_final/buxtehude_op1_02_sonata_g_major_corr.mei,18136,layer,137.0,4.0,,c1ho8arm,Layer is overfull against the active meter.,12.0,16,
warning,rhythm,layer_duration_overfull,11_buxtehude_sonatas_final/buxtehude_op1_02_sonata_g_major_corr.mei,18142,layer,137.0,4.0,,h19exos0,Layer is overfull against the active meter.,12.0,18,
warning,rhythm,layer_duration_overfull,11_buxtehude_sonatas_final/buxtehude_op1_02_sonata_g_major_corr.mei,18151,layer,137.0,5.0,,os8iry2,Layer is overfull against the active meter.,12.0,24,
warning,rhythm,layer_duration_overfull,11_buxtehude_sonatas_final/buxtehude_op1_02_sonata_g_major_corr.mei,18165,layer,138.0,1.0,,v1imvbmt,Layer is overfull against the active meter.,12.0,16,
warning,rhythm,layer_duration_overfull,11_buxtehude_sonatas_final/buxtehude_op1_02_sonata_g_major_corr.mei,18184,layer,138.0,2.0,,g1cwdaza,Layer is overfull against the active meter.,12.0,16,
warning,rhythm,layer_duration_overfull,11_buxtehude_sonatas_final/buxtehude_op1_02_sonata_g_major_corr.mei,18202,layer,138.0,3.0,,hoyjb0d,Layer is overfull against the active meter.,12.0,16,
warning,rhythm,layer_duration_overfull,11_buxtehude_sonatas_final/buxtehude_op1_02_sonata_g_major_corr.mei,18225,layer,138.0,4.0,,e1rdzwsx,Layer is overfull against the active meter.,12.0,16,
warning,rhythm,layer_duration_underfull,11_buxtehude_sonatas_final/buxtehude_op1_02_sonata_g_major_corr.mei,18233,layer,138.0,4.0,,m1u1u3we,Layer is underfull against the active meter.,12.0,8,No <space> found in this layer; a missing space/rest is a likely cause.
warning,rhythm,layer_duration_overfull,11_buxtehude_sonatas_final/buxtehude_op1_02_sonata_g_major_corr.mei,18242,layer,138.0,5.0,,qr88mk,Layer is overfull against the active meter.,12.0,22,
warning,rhythm,layer_duration_overfull,11_buxtehude_sonatas_final/buxtehude_op1_02_sonata_g_major_corr.mei,18256,layer,139.0,1.0,,t1wn0v7,Layer is overfull against the active meter.,12.0,16,
warning,rhythm,layer_duration_overfull,11_buxtehude_sonatas_final/buxtehude_op1_02_sonata_g_major_corr.mei,18279,layer,139.0,2.0,,c1crlw5y,Layer is overfull against the active meter.,12.0,16,
warning,rhythm,layer_duration_overfull,11_buxtehude_sonatas_final/buxtehude_op1_02_sonata_g_major_corr.mei,18299,layer,139.0,3.0,,y7xkvbs,Layer is overfull against the active meter.,12.0,16,
warning,rhythm,layer_duration_overfull,11_buxtehude_sonatas_final/buxtehude_op1_02_sonata_g_major_corr.mei,18341,layer,139.0,4.0,,gdhv59j,Layer is overfull against the active meter.,12.0,16,
warning,rhythm,layer_duration_underfull,11_buxtehude_sonatas_final/buxtehude_op1_02_sonata_g_major_corr.mei,18361,layer,139.0,4.0,,x1sag20b,Layer is underfull against the active meter.,12.0,8,No <space> found in this layer; a missing space/rest is a likely cause.
warning,rhythm,layer_duration_overfull,11_buxtehude_sonatas_final/buxtehude_op1_02_sonata_g_major_corr.mei,18366,layer,139.0,5.0,,z1gzhtqm,Layer is overfull against the active meter.,12.0,16,
warning,rhythm,layer_duration_overfull,11_buxtehude_sonatas_final/buxtehude_op1_02_sonata_g_major_corr.mei,18507,layer,141.0,1.0,,xtbbd6g,Layer is overfull against the active meter.,12.0,16,
warning,rhythm,layer_duration_overfull,11_buxtehude_sonatas_final/buxtehude_op1_02_sonata_g_major_corr.mei,18524,layer,141.0,2.0,,djawrnn,Layer is overfull against the active meter.,12.0,19,
warning,rhythm,layer_duration_overfull,11_buxtehude_sonatas_final/buxtehude_op1_02_sonata_g_major_corr.mei,18540,layer,141.0,3.0,,t1r8ros,Layer is overfull against the active meter.,12.0,16,
warning,rhythm,layer_duration_overfull,11_buxtehude_sonatas_final/buxtehude_op1_02_sonata_g_major_corr.mei,18575,layer,141.0,4.0,,i1bl137j,Layer is overfull against the active meter.,12.0,16,
warning,rhythm,layer_duration_overfull,11_buxtehude_sonatas_final/buxtehude_op1_02_sonata_g_major_corr.mei,18579,layer,141.0,4.0,,mqeuzfu,Layer is overfull against the active meter.,12.0,16,
warning,rhythm,layer_duration_overfull,11_buxtehude_sonatas_final/buxtehude_op1_02_sonata_g_major_corr.mei,18588,layer,141.0,5.0,,s1lt8kco,Layer is overfull against the active meter.,12.0,16,
warning,rhythm,layer_duration_overfull,11_buxtehude_sonatas_final/buxtehude_op1_02_sonata_g_major_corr.mei,18611,layer,142.0,1.0,,vi9w4el,Layer is overfull against the active meter.,12.0,16,
warning,rhythm,layer_duration_overfull,11_buxtehude_sonatas_final/buxtehude_op1_02_sonata_g_major_corr.mei,18630,layer,142.0,2.0,,u1al73bq,Layer is overfull against the active meter.,12.0,16,
warning,rhythm,layer_duration_overfull,11_buxtehude_sonatas_final/buxtehude_op1_02_sonata_g_major_corr.mei,18647,layer,142.0,3.0,,r151yrvb,Layer is overfull against the active meter.,12.0,16,
warning,rhythm,layer_duration_overfull,11_buxtehude_sonatas_final/buxtehude_op1_02_sonata_g_major_corr.mei,18682,layer,142.0,4.0,,r1njshvl,Layer is overfull against the active meter.,12.0,16,
warning,rhythm,layer_duration_overfull,11_buxtehude_sonatas_final/buxtehude_op1_02_sonata_g_major_corr.mei,18689,layer,142.0,4.0,,y13oa08i,Layer is overfull against the active meter.,12.0,15,
warning,rhythm,layer_duration_overfull,11_buxtehude_sonatas_final/buxtehude_op1_02_sonata_g_major_corr.mei,18704,layer,142.0,5.0,,i1tljzbq,Layer is overfull against the active meter.,12.0,16,
warning,rhythm,layer_duration_overfull,11_buxtehude_sonatas_final/buxtehude_op1_02_sonata_g_major_corr.mei,18982,layer,145.0,1.0,,v18flfh3,Layer is overfull against the active meter.,12.0,16,
warning,rhythm,layer_duration_overfull,11_buxtehude_sonatas_final/buxtehude_op1_02_sonata_g_major_corr.mei,19010,layer,145.0,2.0,,gz2of8v,Layer is overfull against the active meter.,12.0,16,
warning,rhythm,layer_duration_overfull,11_buxtehude_sonatas_final/buxtehude_op1_02_sonata_g_major_corr.mei,19038,layer,145.0,3.0,,d1h9nzjm,Layer is overfull against the active meter.,12.0,16,
warning,rhythm,layer_duration_overfull,11_buxtehude_sonatas_final/buxtehude_op1_02_sonata_g_major_corr.mei,19073,layer,145.0,4.0,,p14dmql1,Layer is overfull against the active meter.,12.0,16,
warning,rhythm,layer_duration_overfull,11_buxtehude_sonatas_final/buxtehude_op1_02_sonata_g_major_corr.mei,19087,layer,145.0,4.0,,c1ea8lod,Layer is overfull against the active meter.,12.0,16,
warning,rhythm,layer_duration_overfull,11_buxtehude_sonatas_final/buxtehude_op1_02_sonata_g_major_corr.mei,19095,layer,145.0,5.0,,j94ov00,Layer is overfull against the active meter.,12.0,18,
warning,rhythm,layer_duration_overfull,11_buxtehude_sonatas_final/buxtehude_op1_02_sonata_g_major_corr.mei,19232,layer,147.0,1.0,,djd9fmp,Layer is overfull against the active meter.,12.0,18,
warning,rhythm,layer_duration_overfull,11_buxtehude_sonatas_final/buxtehude_op1_02_sonata_g_major_corr.mei,19263,layer,147.0,2.0,,y12dsla7,Layer is overfull against the active meter.,12.0,16,
warning,rhythm,layer_duration_overfull,11_buxtehude_sonatas_final/buxtehude_op1_02_sonata_g_major_corr.mei,19291,layer,147.0,3.0,,bxlsmdo,Layer is overfull against the active meter.,12.0,16,
warning,rhythm,layer_duration_overfull,11_buxtehude_sonatas_final/buxtehude_op1_02_sonata_g_major_corr.mei,19322,layer,147.0,4.0,,t4i0rqq,Layer is overfull against the active meter.,12.0,16,
warning,rhythm,layer_duration_overfull,11_buxtehude_sonatas_final/buxtehude_op1_02_sonata_g_major_corr.mei,19335,layer,147.0,4.0,,c1my32ls,Layer is overfull against the active meter.,12.0,16,
warning,rhythm,layer_duration_overfull,11_buxtehude_sonatas_final/buxtehude_op1_02_sonata_g_major_corr.mei,19351,layer,147.0,5.0,,k1g0cgjx,Layer is overfull against the active meter.,12.0,16,
warning,rhythm,layer_duration_overfull,11_buxtehude_sonatas_final/buxtehude_op1_02_sonata_g_major_corr.mei,19502,layer,149.0,1.0,,v1kk2bgn,Layer is overfull against the active meter.,12.0,17,
warning,rhythm,layer_duration_overfull,11_buxtehude_sonatas_final/buxtehude_op1_02_sonata_g_major_corr.mei,19533,layer,149.0,2.0,,kq0z873,Layer is overfull against the active meter.,12.0,16,
warning,rhythm,layer_duration_overfull,11_buxtehude_sonatas_final/buxtehude_op1_02_sonata_g_major_corr.mei,19560,layer,149.0,3.0,,v5qe8p5,Layer is overfull against the active meter.,12.0,16,
warning,rhythm,layer_duration_overfull,11_buxtehude_sonatas_final/buxtehude_op1_02_sonata_g_major_corr.mei,19578,layer,149.0,4.0,,z1wqolr5,Layer is overfull against the active meter.,12.0,16,
warning,rhythm,layer_duration_overfull,11_buxtehude_sonatas_final/buxtehude_op1_02_sonata_g_major_corr.mei,19591,layer,149.0,5.0,,kroh2j3,Layer is overfull against the active meter.,12.0,16,
warning,rhythm,layer_duration_overfull,11_buxtehude_sonatas_final/buxtehude_op1_02_sonata_g_major_corr.mei,19753,layer,151.0,1.0,,ejfocm,Layer is overfull against the active meter.,12.0,16,
warning,rhythm,layer_duration_overfull,11_buxtehude_sonatas_final/buxtehude_op1_02_sonata_g_major_corr.mei,19771,layer,151.0,2.0,,t8gxh75,Layer is overfull against the active meter.,12.0,16,
warning,rhythm,layer_duration_overfull,11_buxtehude_sonatas_final/buxtehude_op1_02_sonata_g_major_corr.mei,19794,layer,151.0,3.0,,r1iv9uvq,Layer is overfull against the active meter.,12.0,16,
warning,rhythm,layer_duration_overfull,11_buxtehude_sonatas_final/buxtehude_op1_02_sonata_g_major_corr.mei,19854,layer,151.0,4.0,,cwkbspa,Layer is overfull against the active meter.,12.0,16,
warning,rhythm,layer_duration_overfull,11_buxtehude_sonatas_final/buxtehude_op1_02_sonata_g_major_corr.mei,19868,layer,151.0,4.0,,nlny4hw,Layer is overfull against the active meter.,12.0,16,
warning,rhythm,layer_duration_overfull,11_buxtehude_sonatas_final/buxtehude_op1_02_sonata_g_major_corr.mei,19889,layer,151.0,5.0,,a1k5b365,Layer is overfull against the active meter.,12.0,16,
warning,rhythm,layer_duration_overfull,11_buxtehude_sonatas_final/buxtehude_op1_02_sonata_g_major_corr.mei,19916,layer,152.0,1.0,,bw87pec,Layer is overfull against the active meter.,12.0,16,
warning,rhythm,layer_duration_overfull,11_buxtehude_sonatas_final/buxtehude_op1_02_sonata_g_major_corr.mei,19931,layer,152.0,2.0,,x11j5kax,Layer is overfull against the active meter.,12.0,16,
warning,rhythm,layer_duration_overfull,11_buxtehude_sonatas_final/buxtehude_op1_02_sonata_g_major_corr.mei,19962,layer,152.0,3.0,,q7n0p4s,Layer is overfull against the active meter.,12.0,16,
warning,rhythm,layer_duration_overfull,11_buxtehude_sonatas_final/buxtehude_op1_02_sonata_g_major_corr.mei,20013,layer,152.0,4.0,,ao9zjk0,Layer is overfull against the active meter.,12.0,20,
warning,rhythm,layer_duration_overfull,11_buxtehude_sonatas_final/buxtehude_op1_02_sonata_g_major_corr.mei,20026,layer,152.0,4.0,,gp814px,Layer is overfull against the active meter.,12.0,16,
warning,rhythm,layer_duration_overfull,11_buxtehude_sonatas_final/buxtehude_op1_02_sonata_g_major_corr.mei,20043,layer,152.0,5.0,,u1k7bah0,Layer is overfull against the active meter.,12.0,16,
warning,rhythm,layer_duration_overfull,11_buxtehude_sonatas_final/buxtehude_op1_02_sonata_g_major_corr.mei,20065,layer,153.0,1.0,,vv9w7oz,Layer is overfull against the active meter.,12.0,16,
warning,rhythm,layer_duration_overfull,11_buxtehude_sonatas_final/buxtehude_op1_02_sonata_g_major_corr.mei,20083,layer,153.0,2.0,,f1oyr8l3,Layer is overfull against the active meter.,12.0,22,
warning,rhythm,layer_duration_overfull,11_buxtehude_sonatas_final/buxtehude_op1_02_sonata_g_major_corr.mei,20109,layer,153.0,3.0,,m1vldygp,Layer is overfull against the active meter.,12.0,17,
warning,rhythm,layer_duration_overfull,11_buxtehude_sonatas_final/buxtehude_op1_02_sonata_g_major_corr.mei,20159,layer,153.0,4.0,,p6kyxha,Layer is overfull against the active meter.,12.0,16,
warning,rhythm,layer_duration_overfull,11_buxtehude_sonatas_final/buxtehude_op1_02_sonata_g_major_corr.mei,20174,layer,153.0,4.0,,asv129m,Layer is overfull against the active meter.,12.0,16,
warning,rhythm,layer_duration_overfull,11_buxtehude_sonatas_final/buxtehude_op1_02_sonata_g_major_corr.mei,20190,layer,153.0,5.0,,m1pnv3tp,Layer is overfull against the active meter.,12.0,16,
info,instrumentation,generic_staff_label,11_buxtehude_sonatas_final/buxtehude_op1_02_sonata_g_major_corr.mei,218,label,,1.0,,r1ff39sd,Staff label looks like generated system text rather than an editorial instrument name.,,System 1,
info,instrumentation,generic_staff_abbr,11_buxtehude_sonatas_final/buxtehude_op1_02_sonata_g_major_corr.mei,219,labelAbbr,,1.0,,t1ohni34,Staff abbreviation looks generated and should be checked for edition consistency.,,Prt1,
info,instrumentation,generic_staff_label,11_buxtehude_sonatas_final/buxtehude_op1_02_sonata_g_major_corr.mei,226,label,,2.0,,m1b8hjd2,Staff label looks like generated system text rather than an editorial instrument name.,,System 2,
info,instrumentation,generic_staff_abbr,11_buxtehude_sonatas_final/buxtehude_op1_02_sonata_g_major_corr.mei,227,labelAbbr,,2.0,,o10yhndi,Staff abbreviation looks generated and should be checked for edition consistency.,,Prt2,
info,instrumentation,generic_staff_label,11_buxtehude_sonatas_final/buxtehude_op1_02_sonata_g_major_corr.mei,234,label,,3.0,,p1hfvxj1,Staff label looks like generated system text rather than an editorial instrument name.,,System 3,
info,instrumentation,generic_staff_abbr,11_buxtehude_sonatas_final/buxtehude_op1_02_sonata_g_major_corr.mei,235,labelAbbr,,3.0,,rujdpty,Staff abbreviation looks generated and should be checked for edition consistency.,,Prt3,
info,instrumentation,generic_staff_abbr,11_buxtehude_sonatas_final/buxtehude_op1_02_sonata_g_major_corr.mei,246,labelAbbr,,4.0,,,Staff abbreviation looks generated and should be checked for edition consistency.,,Prt4,
info,instrumentation,generic_staff_label,11_buxtehude_sonatas_final/buxtehude_op1_02_sonata_g_major_corr.mei,246,label,,4.0,,,Staff label looks like generated system text rather than an editorial instrument name.,,System 4,
info,instrumentation,generic_staff_abbr,11_buxtehude_sonatas_final/buxtehude_op1_02_sonata_g_major_corr.mei,253,labelAbbr,,5.0,,,Staff abbreviation looks generated and should be checked for edition consistency.,,Prt4,
info,instrumentation,generic_staff_label,11_buxtehude_sonatas_final/buxtehude_op1_02_sonata_g_major_corr.mei,253,label,,5.0,,,Staff label looks like generated system text rather than an editorial instrument name.,,System 4,
warning,verovio,verovio_log,11_buxtehude_sonatas_final/buxtehude_op1_02_sonata_g_major_corr.mei,8689,chord,58,4,2,m1o34dca,Chord 'm1o34dca' has no child note - a default note is added,,m1o34dca,load/render
warning,verovio,verovio_log,11_buxtehude_sonatas_final/buxtehude_op1_02_sonata_g_major_corr.mei,,,,,,,1 time pointing element(s) could not be matched in measure qte0495,,,load/render
warning,verovio,verovio_log,11_buxtehude_sonatas_final/buxtehude_op1_02_sonata_g_major_corr.mei,4622,clef,34,2,1,cte1iak2,The cross staff reference '2' for element 'cte1iak2' seems to be identical to the parent staff,,cte1iak2,load/render
warning,verovio,verovio_log,11_buxtehude_sonatas_final/buxtehude_op1_02_sonata_g_major_corr.mei,6013,clef,45,2,1,chtq3ux2,The cross staff reference '2' for element 'chtq3ux2' seems to be identical to the parent staff,,chtq3ux2,load/render
warning,verovio,verovio_log,11_buxtehude_sonatas_final/buxtehude_op1_02_sonata_g_major_corr.mei,10242,clef,67,2,1,c41e6bn2,The cross staff reference '2' for element 'c41e6bn2' seems to be identical to the parent staff,,c41e6bn2,load/render
warning,verovio,verovio_log,11_buxtehude_sonatas_final/buxtehude_op1_02_sonata_g_major_corr.mei,17202,clef,130,2,1,cdv2ocs2,The cross staff reference '2' for element 'cdv2ocs2' seems to be identical to the parent staff,,cdv2ocs2,load/render
warning,verovio,verovio_log,11_buxtehude_sonatas_final/buxtehude_op1_02_sonata_g_major_corr.mei,10587,note,69,4,2,mxydx93,"Insufficient space to draw mixed beam, starting at 'mxydx93'. Drawing 'above' instead.",,mxydx93,load/render
warning,verovio,verovio_log,11_buxtehude_sonatas_final/buxtehude_op1_02_sonata_g_major_corr.mei,12092,note,88,1,1,a1w5vtjm,"Insufficient space to draw mixed beam, starting at 'a1w5vtjm'. Drawing 'above' instead.",,a1w5vtjm,load/render
warning,verovio,verovio_log,11_buxtehude_sonatas_final/buxtehude_op1_02_sonata_g_major_corr.mei,12107,note,88,2,1,edn9jw1,"Insufficient space to draw mixed beam, starting at 'edn9jw1'. Drawing 'below' instead.",,edn9jw1,load/render
warning,verovio,verovio_log,11_buxtehude_sonatas_final/buxtehude_op1_02_sonata_g_major_corr.mei,12290,note,89,1,1,h1dng0t5,"Insufficient space to draw mixed beam, starting at 'h1dng0t5'. Drawing 'above' instead.",,h1dng0t5,load/render
warning,verovio,verovio_log,11_buxtehude_sonatas_final/buxtehude_op1_02_sonata_g_major_corr.mei,12463,note,90,1,1,f5xmw7d,"Insufficient space to draw mixed beam, starting at 'f5xmw7d'. Drawing 'below' instead.",,f5xmw7d,load/render
warning,verovio,verovio_log,11_buxtehude_sonatas_final/buxtehude_op1_02_sonata_g_major_corr.mei,12811,note,92,2,1,dzdqi09,"Insufficient space to draw mixed beam, starting at 'dzdqi09'. Drawing 'above' instead.",,dzdqi09,load/render
warning,verovio,verovio_log,11_buxtehude_sonatas_final/buxtehude_op1_02_sonata_g_major_corr.mei,12987,note,93,2,1,d1chpdcf,"Insufficient space to draw mixed beam, starting at 'd1chpdcf'. Drawing 'above' instead.",,d1chpdcf,load/render
warning,verovio,verovio_log,11_buxtehude_sonatas_final/buxtehude_op1_02_sonata_g_major_corr.mei,13228,note,95,1,1,esg2rvx,"Insufficient space to draw mixed beam, starting at 'esg2rvx'. Drawing 'below' instead.",,esg2rvx,load/render
warning,verovio,verovio_log,11_buxtehude_sonatas_final/buxtehude_op1_02_sonata_g_major_corr.mei,13248,note,95,1,1,rn23xeq,"Insufficient space to draw mixed beam, starting at 'rn23xeq'. Drawing 'below' instead.",,rn23xeq,load/render
warning,verovio,verovio_log,11_buxtehude_sonatas_final/buxtehude_op1_02_sonata_g_major_corr.mei,13335,note,96,1,1,r18nz45e,"Insufficient space to draw mixed beam, starting at 'r18nz45e'. Drawing 'below' instead.",,r18nz45e,load/render
warning,verovio,verovio_log,11_buxtehude_sonatas_final/buxtehude_op1_02_sonata_g_major_corr.mei,13747,note,99,1,1,jin0575,"Insufficient space to draw mixed beam, starting at 'jin0575'. Drawing 'below' instead.",,jin0575,load/render
warning,verovio,verovio_log,11_buxtehude_sonatas_final/buxtehude_op1_02_sonata_g_major_corr.mei,13767,note,99,1,1,wo6tii0,"Insufficient space to draw mixed beam, starting at 'wo6tii0'. Drawing 'below' instead.",,wo6tii0,load/render
warning,verovio,verovio_log,11_buxtehude_sonatas_final/buxtehude_op1_02_sonata_g_major_corr.mei,13866,note,100,1,1,w1deg9r5,"Insufficient space to draw mixed beam, starting at 'w1deg9r5'. Drawing 'below' instead.",,w1deg9r5,load/render
warning,verovio,verovio_log,11_buxtehude_sonatas_final/buxtehude_op1_02_sonata_g_major_corr.mei,13886,note,100,1,1,jtntp5i,"Insufficient space to draw mixed beam, starting at 'jtntp5i'. Drawing 'below' instead.",,jtntp5i,load/render
warning,verovio,verovio_log,11_buxtehude_sonatas_final/buxtehude_op1_02_sonata_g_major_corr.mei,14025,note,101,1,1,imbiaof,"Insufficient space to draw mixed beam, starting at 'imbiaof'. Drawing 'above' instead.",,imbiaof,load/render
warning,verovio,verovio_log,11_buxtehude_sonatas_final/buxtehude_op1_02_sonata_g_major_corr.mei,14036,note,101,1,1,pzrza63,"Insufficient space to draw mixed beam, starting at 'pzrza63'. Drawing 'above' instead.",,pzrza63,load/render
warning,verovio,verovio_log,11_buxtehude_sonatas_final/buxtehude_op1_02_sonata_g_major_corr.mei,15581,note,116,5,5,i1mfxkb2,"Insufficient space to draw mixed beam, starting at 'i1mfxkb2'. Drawing 'below' instead.",,i1mfxkb2,load/render
warning,verovio,verovio_log,11_buxtehude_sonatas_final/buxtehude_op1_02_sonata_g_major_corr.mei,15592,note,116,5,6,pivds91,"Insufficient space to draw mixed beam, starting at 'pivds91'. Drawing 'above' instead.",,pivds91,load/render
warning,verovio,verovio_log,11_buxtehude_sonatas_final/buxtehude_op1_02_sonata_g_major_corr.mei,16499,note,124,5,6,f46s3kh,"Insufficient space to draw mixed beam, starting at 'f46s3kh'. Drawing 'above' instead.",,f46s3kh,load/render
warning,verovio,verovio_log,11_buxtehude_sonatas_final/buxtehude_op1_02_sonata_g_major_corr.mei,16609,note,125,4,2,nm28oxa,"Insufficient space to draw mixed beam, starting at 'nm28oxa'. Drawing 'above' instead.",,nm28oxa,load/render
warning,verovio,verovio_log,11_buxtehude_sonatas_final/buxtehude_op1_02_sonata_g_major_corr.mei,17560,note,133,1,1,p6g7bws,"Insufficient space to draw mixed beam, starting at 'p6g7bws'. Drawing 'below' instead.",,p6g7bws,load/render
warning,verovio,verovio_log,11_buxtehude_sonatas_final/buxtehude_op1_02_sonata_g_major_corr.mei,17566,note,133,1,1,v17b57xw,"Insufficient space to draw mixed beam, starting at 'v17b57xw'. Drawing 'above' instead.",,v17b57xw,load/render
warning,verovio,verovio_log,11_buxtehude_sonatas_final/buxtehude_op1_02_sonata_g_major_corr.mei,18497,note,140,5,6,dtcz6u1,"Insufficient space to draw mixed beam, starting at 'dtcz6u1'. Drawing 'above' instead.",,dtcz6u1,load/render
warning,verovio,verovio_log,11_buxtehude_sonatas_final/buxtehude_op1_02_sonata_g_major_corr.mei,19345,note,147,4,2,i1huzoym,"Insufficient space to draw mixed beam, starting at 'i1huzoym'. Drawing 'above' instead.",,i1huzoym,load/render
warning,verovio,verovio_log,11_buxtehude_sonatas_final/buxtehude_op1_02_sonata_g_major_corr.mei,4493,note,33,2,1,p10vim76,"Insufficient space to draw mixed beam, starting at 'p10vim76'. Drawing 'above' instead.",,p10vim76,load/render
